Frage,Antwort,Fundstellen im IT-Grundschutz-Kompendium 2023
Was ist der Unterschied zwischen Prozess- und Systembausteinen?,"Prozess-Bausteine gelten in der Regel für sämtliche oder große Teile des Informationsverbunds gleichermaßen, System-Bausteine lassen sich in der Regel auf einzelne Objekte oder Gruppen von Objekten anwenden. Die Prozess- und System-Bausteine bestehen wiederum aus weiteren Teilschichten. In den Hinweisen zum Schichtenmodell und zur Modellierung wird beschrieben, wann ein einzelner Baustein sinnvollerweise eingesetzt werden soll und auf welche Zielobjekte er anzuwenden ist. ","Hinweise zum Schichtenmodell und zur Modellierung
Um einen komplexen Informationsverbund nach IT-Grundschutz zu modellieren, müssen die passenden Bausteine des IT-Grundschutz-Kompendiums ausgewählt und umgesetzt werden. Um die Auswahl zu erleichtern, sind die Bausteine im IT-Grundschutz-Kompendium zunächst in prozess- und systemorientierte Bausteine aufgeteilt. Prozess-Bausteine gelten in der Regel für sämtliche oder große Teile des Informationsverbunds gleichermaßen, System-Bausteine lassen sich in der Regel auf einzelne Objekte oder Gruppen von Objekten anwenden. Die Prozess- und System-Bausteine bestehen wiederum aus weiteren Teilschichten.
In den Hinweisen zum Schichtenmodell und zur Modellierung wird beschrieben, wann ein einzelner Baustein sinnvollerweise eingesetzt werden soll und auf welche Zielobjekte er anzuwenden ist. Außerdem sind die Bausteine danach gekennzeichnet, ob sie vor- oder nachrangig umgesetzt werden sollten."
Welche grundlegenden Sicherheitsmaßnahmen müssen beim Einrichten eines Webservers ergriffen werden?,"Nach der Installation eines Webservers muss eine sichere Grundkonfiguration vorgenommen werden. Dazu gehört die Zuweisung des Webserver-Prozesses einem Konto mit minimalen Rechten, die Ausführung in einer gekapselten Umgebung (sofern unterstützt), sowie die Deaktivierung nicht benötigter Module und Funktionen. Ist eine gekapselte Umgebung nicht möglich, sollte jeder Webserver auf einem eigenen physischen oder virtuellen Server laufen. Dem Webserver-Dienst MÜSSEN alle nicht notwendige Schreibberechtigungen entzogen werden. Nicht benötigte Module und Funktionen des Webservers MÜSSEN deaktiviert werden.","APP.3.2.A1 Sichere Konfiguration eines Webservers (B)
Nachdem der IT-Betrieb einen Webserver installiert hat, MUSS er eine sichere Grundkonfiguration vornehmen. Dazu MUSS er insbesondere den Webserver-Prozess einem Konto mit minimalen Rechten zuweisen. Der Webserver MUSS in einer gekapselten Umgebung ausgeführt werden, sofern dies vom Betriebssystem unterstützt wird. Ist dies nicht möglich, SOLLTE jeder Webserver auf einem eigenen physischen oder virtuellen Server ausgeführt werden. Dem Webserver-Dienst MÜSSEN alle nicht notwendige Schreibberechtigungen entzogen werden.
Nicht benötigte Module und Funktionen des Webservers MÜSSEN deaktiviert werden."
Wie müssen Webserver-Dateien geschützt werden?,"Alle Dateien auf dem Webserver, insbesondere Skripte und Konfigurationsdateien, müssen so geschützt werden, dass sie nicht unbefugt gelesen oder verändert werden können. Der Webserver muss so konfiguriert sein, dass er nur Dateien aus dem definierten WWW-Wurzelverzeichnis ausliefert. Nicht benötigte Funktionen zur Verzeichnisaufzählung müssen deaktiviert werden, und vertrauliche Daten dürfen nicht in öffentlichen Verzeichnissen gespeichert werden. Regelmäßige Überprüfungen sind erforderlich.","APP.3.2.A2 Schutz der Webserver-Dateien (B)
Der IT-Betrieb MUSS alle Dateien auf dem Webserver, insbesondere Skripte und Konfigurationsdateien, so schützen, dass sie nicht unbefugt gelesen und geändert werden können. Es MUSS sichergestellt werden, dass Webanwendungen nur auf einen definierten Verzeichnisbaum
zugreifen können (WWW-Wurzelverzeichnis). Der Webserver MUSS so konfiguriert sein, dass er nur Dateien ausliefert, die sich innerhalb des WWW-Wurzelverzeichnisses befinden.Der IT-Betrieb MUSS alle nicht benötigten Funktionen, die Verzeichnisse auflisten, deaktivieren.
Vertrauliche Daten MÜSSEN vor unberechtigtem Zugriff geschützt werden. Insbesondere MUSS der IT-Betrieb sicherstellen, dass vertrauliche Dateien nicht in öffentlichen Verzeichnissen des Webservers liegen. Der IT-Betrieb MUSS regelmäßig überprüfen, ob vertrauliche Dateien in öffentlichen Verzeichnissen gespeichert wurden."
Welche Sicherheitsanforderungen gelten für Datei-Uploads und -Downloads über einen Webserver?,Alle mithilfe des Webservers veröffentlichten Dateien müssen vorher auf Schadsoftware geprüft werden. Es muss eine Maximalgröße für Datei-Uploads festgelegt und ausreichend Speicherplatz reserviert sein.,"APP.3.2.A3 Absicherung von Datei-Uploads und -Downloads (B)
Alle mithilfe des Webservers veröffentlichten Dateien MÜSSEN vorher auf Schadprogramme geprüft werden. Es MUSS eine Maximalgröße für Datei-Uploads spezifiziert sein. Für Uploads MUSS genügend Speicherplatz reserviert werden."
Welche Ereignisse müssen auf einem Webserver protokolliert werden?,"Der Webserver muss mindestens folgende Ereignisse protokollieren: erfolgreiche Zugriffe auf Ressourcen, fehlgeschlagene Zugriffe aufgrund von Berechtigungsproblemen, nicht vorhandenen Ressourcen oder Server-Fehlern sowie allgemeine Fehlermeldungen. Die Protokollierungsdaten sollten regelmäßig ausgewertet werden.","APP.3.2.A4 Protokollierung von Ereignissen (B)
Der Webserver MUSS mindestens folgende Ereignisse protokollieren:
•erfolgreiche Zugriffe auf Ressourcen,
•fehlgeschlagene Zugriffe auf Ressourcen aufgrund von mangelnder Berechtigung, nicht vorhandenen Ressourcen und Server-Fehlern sowie
•allgemeine Fehlermeldungen.
Die Protokollierungsdaten SOLLTEN regelmäßig ausgewertet werden."
Wie müssen Passwörter bei der Authentisierung am Webserver gesichert werden?,"Wenn Clients sich mit Passwörtern am Webserver authentisieren, müssen diese kryptografisch gesichert und vor unbefugtem Zugriff geschützt gespeichert werden.","APP.3.2.A5 Authentisierung (B)
Wenn sich Clients mit Hilfe von Passwörtern am Webserver authentisieren, MÜSSEN diese kryptografisch gesichert und vor unbefugtem Zugriff geschützt gespeichert werden."
Welche Anforderungen gelten an die Verschlüsselung von Verbindungen zu Webservern?,Der Webserver muss für alle Verbindungen durch nicht vertrauenswürdige Netze eine sichere Verschlüsselung über TLS (HTTPS) anbieten. Veraltete Verfahren wie SSL oder RC4 sollten nur in Ausnahmefällen verwendet und auf ein Minimum beschränkt werden. Bei Nutzung von HTTPS dürfen keine Inhalte über HTTP geliefert werden (kein Mixed Content).,"APP.3.2.A11 Verschlüsselung über TLS (B)
Der Webserver MUSS für alle Verbindungen durch nicht vertrauenswürdige Netze eine sichere Verschlüsselung über TLS anbieten (HTTPS). Falls es aus Kompatibilitätsgründen erforderlich ist, veraltete Verfahren zu verwenden, SOLLTEN diese auf so wenige Fälle wie möglich beschränkt werden. Wenn eine HTTPS-Verbindung genutzt wird, MÜSSEN alle Inhalte über HTTPS ausgeliefert werden. Sogenannter Mixed Content DARF NICHT verwendet werden."
Welche Maßnahmen sollten bei der Planung des Einsatzes eines Webservers berücksichtigt werden?,"Es sollte geplant und dokumentiert werden, für welchen Zweck der Webserver eingesetzt wird, welche Inhalte er bereitstellt und welche Zielgruppen adressiert werden. Zudem sollten geeignete Zuständige für den technischen Betrieb und die Webinhalte festgelegt werden.","APP.3.2.A8 Planung des Einsatzes eines Webservers (S)
Es SOLLTE geplant und dokumentiert werden, für welchen Zweck der Webserver eingesetzt und welche Inhalte er bereitstellen soll. In der Dokumentation SOLLTEN auch die Informationen oder Dienstleistungen des Webangebots und die jeweiligen Zielgruppen beschrieben werden. Für den technischen Betrieb und die Webinhalte SOLLTEN geeignete Zuständige festgelegt werden."
Was ist bei der Auswahl eines externen Webhosters zu beachten?,"Bei der Nutzung externer Webhosting-Dienste sollte vertraglich geregelt werden, wie die Dienste erbracht werden. Sicherheitsaspekte müssen im Service Level Agreement (SLA) festgehalten werden. Der Webhoster sollte regelmäßig Kontrollen und Wartungen durchführen und bei technischen Problemen oder Kompromittierungen zeitnah reagieren. Er muss grundlegende technische und organisatorische Sicherheitsmaßnahmen umsetzen.","APP.3.2 Webserver
APP.3.2.A10 Auswahl eines geeigneten Webhosters (S)
Betreibt die Institution den Webserver nicht selbst, sondern nutzt Angebote externer Unternehmen im Rahmen von Webhosting, SOLLTE die Institution bei der Auswahl eines geeigneten Webhosters auf folgende Punkte achten:
•Es SOLLTE vertraglich geregelt werden, wie die Dienste zu erbringen sind. Dabei SOLLTEN Sicherheitsaspekte innerhalb des Vertrags schriftlich in einem Service Level Agreement (SLA) festgehalten werden.
•Die eingesetzten IT-Systeme SOLLTEN vom Webhoster regelmäßig kontrolliert und gewartet werden. Der Webhoster SOLLTE dazu verpflichtet werden, bei technischen Problemen oder einer Kompromittierung von Kundschaftssystemen zeitnah zu reagieren.
•Der Webhoster SOLLTE grundlegende technische und organisatorische Maßnahmen umsetzen, um seinen Informationsverbund zu schützen."
Wie sollten Fehlermeldungen auf einem Webserver gestaltet sein?,"Aus HTTP-Antworten und Fehlermeldungen dürfen weder der Produktname noch die verwendete Version des Webservers ersichtlich sein. Fehlermeldungen dürfen keine Details zu Systeminformationen oder Konfigurationen enthalten. Stattdessen sollten allgemeine Fehlermeldungen ausgegeben werden, die einen eindeutigen Hinweis für die Nachvollziehbarkeit durch den IT-Betrieb enthalten. Bei unerwarteten Fehlern darf der Webserver nicht in einem anfälligen Zustand verbleiben.","APP.3.2 Webserver
APP.3.2.A12 Geeigneter Umgang mit Fehlern und Fehlermeldungen (S)
Aus den HTTP-Informationen und den angezeigten Fehlermeldungen SOLLTEN weder der Produktname noch die verwendete Version des Webservers ersichtlich sein. Fehlermeldungen SOLLTEN keine Details zu Systeminformationen oder Konfigurationen ausgeben. Der IT-Betrieb SOLLTE sicherstellen, dass der Webserver ausschließlich allgemeine Fehlermeldungen ausgibt, die Clients darauf hinweisen, dass ein Fehler aufgetreten ist. Die Fehlermeldung SOLLTE ein eindeutiges Merkmal enthalten, das es dem IT-Betrieb ermöglicht, den Fehler nachzuvollziehen. Bei unerwarteten Fehlern SOLLTE sichergestellt sein, dass der Webserver nicht in einem Zustand verbleibt, in dem er anfällig für Angriffe ist."
Wer trägt die Verantwortung für Informationssicherheit beim Outsourcing?,Die Verantwortung für Informationssicherheit verbleibt vollständig bei der auslagernden Institution.,"OPS.2.3, Kap. 1.1
1.1. Einleitung
Beim Outsourcing lagern Institutionen (Nutzende von Outsourcing) Geschäftsprozesse oder Tätigkeiten ganz oder teilweise zu einem oder mehreren externen  Dienstleistungsunternehmen (Anbietende von Outsourcing) aus. Diese sogenannten Anbietenden von Outsourcing betreiben im Rahmen des vereinbarten Outsourcing-Verhältnisses die Geschäftsprozesse oder Tätigkeiten nach festgelegten Kriterien. Allerdings verbleibt die Verantwortung aus Sicht der Informationssicherheit stets bei der auslagernden Institution."
Welche Mindestanforderungen gelten für Outsourcing-Verträge?,"Für Outsourcing-Verträge müssen einheitliche Grundanforderungen entwickelt werden. Diese Grundanforderungen müssen den Schutz von Informationen berücksichtigen. Außerdem muss geregelt sein, dass der Dienstleister nur mit Zustimmung weitere Unternehmen einbeziehen darf. Die Organisation muss das Recht haben, Prüfungen, Kontrollen und Audits durchzuführen.

Bei der Festlegung dieser Grundanforderungen sollten die Ergebnisse der Risikobewertung berücksichtigt werden. Auch die Eignung der Dienstleister sollte dabei geprüft werden. Zusätzlich sollte mit den Dienstleistern eine Verschwiegenheitsvereinbarung abgeschlossen werden, damit sensible Informationen geschützt sind.

Die festgelegten Grundanforderungen müssen in allen Vereinbarungen und Verträgen gleich umgesetzt werden. Auf dieser Grundlage sollte eine einheitliche Vertragsvorlage erstellt werden, die für alle Outsourcing-Vorhaben verwendet wird.","OPS.2.3.A4 Grundanforderungen an Verträge mit Anbietenden von Outsourcing (B)
Einheitliche Grundanforderungen an Outsourcing-Verträge MÜSSEN entwickelt werden. Diese Grundanforderungen MÜSSEN Aspekte der Informationssicherheit, einen Zustimmungsvorbehalt bei Weiterverlagerungen sowie ein Recht auf Prüfung, Revision und Audit beinhalten. Bei der Entwicklung der Grundanforderungen SOLLTEN die Resultate der risikoorientierten Betrachtung sowie Eignungsanforderungen an Anbietende von Outsourcing mit einfließen. Mit den Anbietenden von Outsourcing SOLLTE eine Verschwiegenheitserklärung zum Schutz von sensiblen Daten vereinbart werden. Die Grundanforderungen MÜSSEN in Vereinbarungen und Verträgen einheitlich umgesetzt werden. Auf Basis der Grundanforderungen SOLLTE eine einheitliche Vertragsvorlage erstellt und für alle Outsourcing-Vorhaben genutzt werden."
Muss ich ein Sicherheitskonzept für jedes Outsourcing-Vorhaben erstellen?,"Ja, für jedes Outsourcing-Vorhaben muss die nutzende Organisation ein eigenes Sicherheitskonzept erstellen. Dieses Sicherheitskonzept muss sich an den Anforderungen des IT-Grundschutzes orientieren. Das Sicherheitskonzept der Organisation muss mit dem Dienstleister abgestimmt werden. Außerdem sollte jeder Dienstleister ein eigenes Sicherheitskonzept für die konkrete ausgelagerte Leistung vorlegen.

Die Sicherheitskonzepte der Organisation und des Dienstleisters sowie deren Umsetzung sollten zu einem gemeinsamen Sicherheitskonzept zusammengeführt werden. Wenn Risikoanalysen erforderlich sind, muss vereinbart werden, wie diese geprüft werden und wie die Ergebnisse in das eigene Risikomanagement übernommen werden können.

Die nutzende Organisation oder unabhängige externe Stellen müssen regelmäßig prüfen, ob das Sicherheitskonzept wirksam ist und in der Praxis eingehalten wird.","OPS.2.3.A6 Festlegung von Sicherheitsanforderungen und Erstellung eines Sicherheitskonzeptes für das Outsourcing-Vorhaben (B)
Mit den Anbietenden von Outsourcing MUSS vertraglich vereinbart werden, dass IT-Grundschutz umgesetzt oder mindestens die Anforderungen aus den relevanten Bausteinen geeignet erfüllt werden. Darüber hinaus SOLLTE mit den Anbietenden von Outsourcing vereinbart werden, dass sie ein Managementsystem für Informationssicherheit (ISMS) etablieren. Die Nutzenden von Outsourcing MÜSSEN für jedes Outsourcing-Vorhaben ein Sicherheitskonzept basierend auf den sich aus dem IT- Grundschutz ergebenen Sicherheitsanforderungen erstellen. Dabei MUSS das Sicherheitskonzept der Nutzenden mit den Anbietenden von Outsourcing abgestimmt werden. Ebenso SOLLTE jeder Anbietende ein individuelles Sicherheitskonzept für das jeweilige Outsourcing-Vorhaben vorlegen. Das Sicherheitskonzept der Anbietenden von Outsourcing und dessen Umsetzung SOLLTE zu einem gesamten Sicherheitskonzept zusammengeführt werden. Wenn Risikoanalysen notwendig sind, MÜSSEN Vereinbarungen getroffen werden, wie die Risikoanalyse geprüft und gegebenenfalls in das eigene Risikomanagement überführt werden kann. Die Nutzenden von Outsourcing oder unabhängige Dritte MÜSSEN regelmäßig überprüfen, ob das Sicherheitskonzept wirksam ist."
Was soll in Bezug auf Mandanten bedacht werden?,"In einer Vereinbarung zur Mandantenfähigkeit muss festgelegt werden, dass die Daten und Arbeitsbereiche der Organisation beim Dienstleister sicher von den Daten anderen Kunden getrennt sind. In dieser Vereinbarung sollte der Dienstleister ein Konzept vorlegen, das zeigt, wie diese Trennung funktioniert. Das Manadantentrennungskonzept sollte erklären, welche Daten und Objekte kundenübergreifend genutzt werden, und wie der Dienstleister mandantenabhängige Daten sicher voneinander trennt.","OPS.2.3.A5 Vereinbarung der Mandantenfähigkeit (B)
In einer Vereinbarung zur Mandantenfähigkeit mit den Anbietenden von Outsourcing MUSS sichergestellt werden, dass die Daten und Verarbeitungskontexte durch den Anbietenden von Outsourcing ausreichend sicher getrennt sind. In dieser Vereinbarung SOLLTE ein Mandantentrennungskonzept von den Anbietenden von Outsourcing gefordert werden. Das Mandantentrennungskonzept SOLLTE zwischen mandantenabhängigen und mandantenübergreifenden Daten und Objekten unterscheiden und darlegen, mit welchen Mechanismen die Anbietenden von Outsourcing trennen."
Was ist bei der Beendigung eines Outsourcing-Verhältnisses zu regeln?,"Für die Beendigung eines Outsourcing-Verhältnisses – egal, ob geplant oder ungeplant – müssen klare Regeln festgelegt werden. Es muss genau festgelegt sein, wie der Dienstleister alle Informationen, Daten und gegebenenfalls Hardware an die Organisation zurückgibt. Dabei müssen die gesetzlichen Vorschriften zur Aufbewahrung von Daten eingehalten werden. Außerdem sollte geprüft werden, dass mit dem Ende des Outsourcing alle Zugangs-, Zutritts- und Zugriffsrechte des Dienstleisters aufgehoben werden.tzt wird.","OPS.2.3.A7 Regelungen für eine geplante oder ungeplante Beendigung eines Outsourcing-Verhältnisses (B) [Fachverantwortliche, Institutionsleitung]
Für geplante sowie ungeplante Beendigungen des Outsourcing-Verhältnisses MÜSSEN Regelungen getroffen werden. Es MUSS festgelegt werden, wie alle Informationen, Daten und Hardware der Nutzenden vom Anbietenden von Outsourcing zurückgegeben werden. Hierbei MÜSSEN gesetzliche Vorgaben zur Aufbewahrung von Daten beachtet werden. Ferner SOLLTE überprüft werden, ob die Zugangs-, Zutritts- und Zugriffsrechte für die Anbietenden von Outsourcing mit der Beendigung des Outsourcing-Verhältnisses aufgehoben wurden."
Muss es eine zentrale Stelle für Outsourcing geben?,"Ja, für die Verwaltung von Outsourcing-Vorhaben sollte eine zuständige Person benannt werden. Ihre Aufgaben und Befugnisse müssen festgelegt und dokumentiert sein. Sie sollte als Ansprechpartner zwischen der Organisation und dem Dienstleister fungieren und regelmäßig Berichte über die Outsourcing-Vorhaben erstellen und der Leitung der Organisation übergeben. Auch bei der Vertragsgestaltung sollte diese Person einbezogen werden und zu Fragen Informationssicherheit geschult und dafür sensibilisiert sein.","OPS.2.3.A10 Etablierung einer zuständigen Person für das Auslagerungsmanagement (S) [Personalabteilung]
Die verschiedenen Outsourcing-Vorhaben SOLLTEN durch eine zuständige Person für das Auslagerungsmanagement verwaltet werden. Die zuständige Person SOLLTE ernannt und die Befugnisse festgelegt und dokumentiert werden. Die zuständige Person SOLLTE als Schnittstelle in der Kommunikation zwischen den Nutzenden und Anbietenden von Outsourcing eingesetzt werden. Darüber hinaus SOLLTE die zuständige Person Berichte über das Outsourcing in regelmäßigen Abständen und anlassbezogen anfertigen und der Institutionsleitung übergeben. In der Vertragsgestaltung SOLLTE die zuständige Person einbezogen werden. Die zuständige Person SOLLTE ein angemessenes Kontingent von Arbeitstagen für die Aufgaben des Auslagerungsmanagements eingeräumt bekommen. Darüber hinaus SOLLTE die zuständige Person hinsichtlich Informationssicherheit geschult und sensibilisiert sein."
Wie ist Outsourcing im Notfallmanagement zu berücksichtigen?,"Ein Notfallkonzept sollte in der Organisation vorhanden sein und auf einer Business-Impact-Analyse basieren. Es muss die Abhängigkeiten zwischen ausgelagerten und internen Prozessen berücksichtigen. Dienstleister sollten in das Notfallkonzept einbezogen und abgestimmt werden. Verantwortliche für die Schnittstellen zu den Dienstleistern sollten benannt sein, um im Notfall Informationen auszutauschen und effektiv zusammenzuarbeiten. Für Störungen oder Ausfälle der Dienstleister sollten gemeinsame Notfall- und Krisenpläne erstellt werden, und standardisierte Protokolle für die Meldung von Sicherheitsvorfällen sollten genutzt werden.","OPS.2.3.A20 Etablierung sowie Einbeziehung von Anbietenden von Outsourcing im Notfallkonzept (S) [Notfallbeauftragte]
Ein Notfallkonzept SOLLTE in der Institution etabliert sein. Dies SOLLTE auf der Basis einer Business- Impact-Analyse basieren und die Abhängigkeiten der ausgelagerten Prozesse mit den intern verbliebenen Prozessen berücksichtigen. Das Notfallkonzept SOLLTE den Anbietenden von Outsourcing in seiner Notfallvorsorge und -bewältigung berücksichtigen und mit diesem abgestimmt sein. Dabei SOLLTEN die Schnittstellen zu Anbietenden von Outsourcing mit Verantwortlichen benannt und besetzt werden, um einen Informationsaustausch sowie eine effektive Kollaboration in einer Not- oder Krisensituation zu ermöglichen. Gemeinsame Not- und Krisenfallpläne SOLLTEN für eine Störung oder einen Ausfall der Anbietenden von Outsourcing erstellt werden. Standardisierte Protokolle und Berichte SOLLTEN zur Meldung von Sicherheitsvorfällen etabliert werden."
Welche Risiken entstehen durch eine unzureichende Outsourcing-Strategie?,"Eine fehlende oder unzureichende Strategie kann dazu führen, dass Informationssicherheit im gesamten Outsourcing-Lebenszyklus nicht angemessen berücksichtigt wird. Dadurch können Prozesse beeinträchtigt werden,ausfallen oder Informationen an unbefugte Dritte abfließen.","2.1. Unzureichende Strategie für das Outsourcing
Eine unzureichende Strategie führt dazu, dass die Informationssicherheit in Outsourcing-Vorhaben nicht angemessen berücksichtigt wird. Hierdurch wird die Informationssicherheit nicht angemessen in den einzelnen Phasen des Outsourcing-Lebenszyklus beachtet und somit kein ausreichendes Niveau der Informationssicherheit in der eigenen Institution sowie bei Anbietenden von Outsourcing angestrebt und umgesetzt. Dadurch können Prozesse beeinträchtigt, ausfallen und Informationen an unbefugte Dritte abfließen."
Warum ist Abhängigkeit von Outsourcing-Anbietenden kritisch?,"Wenn eine Organisation Prozesse an externe Dienstleister auslagert, wird sie von diesen abhängig. Dadurch kann Wissen in der Organisation verloren gehen und die ausgelagerten Prozesse lassen sich nicht mehr vollständig kontrollieren. Auch der Schutzbedarf der Daten und Prozesse kann unterschiedlich bewertet werden, was zu ungeeigneten Sicherheitsmaßnahmen führen kann. Dienstleister, die ganze Geschäftsprozesse übernehmen, haben die volle Kontrolle über die Prozesse, Informationen, Ressourcen und IT-Systeme, während das Wissen der Organisation abnimmt. Dadurch können Sicherheitsmängel unbemerkt bleiben, und die Dienstleister könnten dies ausnutzen, etwa durch höhere Preise oder schlechtere Qualität.","OPS.2.3 Nutzung von Outsourcing
2.3. Abhängigkeit von Anbietenden von Outsourcing
Entscheidet sich eine Institution für Outsourcing, macht sie sich damit auch von Anbietenden von Outsourcing abhängig. Mit dieser Abhängigkeit kann Wissen verloren gehen und die ausgelagerten Prozesse können nicht mehr vollständig kontrolliert werden. Außerdem könnte der Schutzbedarf der ausgelagerten Geschäftsprozesse und Informationen unterschiedlich eingeschätzt werden. Dies kann dazu führen, dass für den Schutzbedarf entsprechend ungeeignete Sicherheitsmaßnahmen umgesetzt werden. Häufig lagern Institutionen gesamte Geschäftsprozesse an Anbietende von Outsourcing aus. Die Anbietenden von Outsourcing können dadurch die Geschäftsprozesse mit schutzbedürftigen Informationen, Ressourcen und IT-Systemen vollständig kontrollieren. Gleichzeitig nimmt das Wissen über diese Bereiche bei Nutzenden von Outsourcing ab. Als Folge ist es möglich, dass die Nutzenden von Outsourcing Defizite der Informationssicherheit nicht mehr bemerken. Diese Situation könnte von Anbietenden von Outsourcing ausgenutzt werden, z. B. indem sie drastisch die Preise erhöhen oder die Qualität der Dienstleistungen abnimmt."
Welche Risiken entstehen durch unzulängliche vertragliche Regelungen beim Outsourcing?,"Unklare oder unvollständige Verträge mit externen Dienstleistern können zu Sicherheitsproblemen während des gesamten Outsourcing-Prozesses führen. Verträge legen fest, wie Aufgaben, Leistungen und Aufwände umgesetzt werden sollen, und bilden die Grundlage für Ansprüche der Organisation gegenüber dem Dienstleister. Werden diese Punkte nicht klar geregelt, können wichtige Sicherheitsmaßnahmen aus Unkenntnis oder fehlenden Ressourcen nicht umgesetzt werden. Das kann dazu führen, dass gesetzliche Vorgaben, regulatorische Pflichten oder Auskunftsrechte verletzt werden und die Daten und Prozesse der Organisation nicht ausreichend geschützt sind","2.6. Unzulängliche vertragliche Regelungen mit Anbietenden von Outsourcing
Unzulängliche vertragliche Regelungen mit den Anbietenden von Outsourcing können zu Schwachstellen in der Informationssicherheit entlang des gesamten Outsourcing-Lebenszyklus führen. Die vertraglichen Regelungen definieren den gesamten Outsourcing-Prozess und stellen den Ausgangspunkt für Ansprüche der Nutzenden gegenüber den Anbietenden von Outsourcing dar. Aufgrund von unzulänglichen vertraglichen Regelungen mit den Anbietenden von Outsourcing können vielfältige und auch schwerwiegende Sicherheitsprobleme auftreten. Wenn Aufgaben, Leistungsparameter oder Aufwände ungenügend oder missverständlich beschrieben wurden, können möglicherweise aus Unkenntnis oder wegen fehlender Ressourcen Sicherheitsmaßnahmen nicht umgesetzt werden. Dies kann viele negative Auswirkungen nach sich ziehen, etwa, wenn regulatorische Anforderungen und Pflichten nicht erfüllt oder Auskunftspflichten und Gesetze nicht eingehalten werden. Wird bei der Vertragsgestaltung der Aspekt der  Informationssicherheit nicht berücksichtigt, so können Prozesse und Daten der Nutzenden von Outsourcing unzureichend abgesichert werden."
Welche Risiken bestehen für die Reputation einer Organisation durch einen erfolgreichen Webserver-Angriff?,"Bei einem erfolgreichen Angriff auf einen Webserver mit administrativen Rechten kann eine manipulierte Webseite ausgeliefert werden (Defacement), was die Reputation der Institution schädigt. Auch die Veröffentlichung falscher Informationen oder die Bereitstellung rechtswidriger Inhalte kann zu öffentlichen Schäden, Abmahnungen oder Kundenverlust führen, insbesondere wenn die Webseite nicht verfügbar ist.","APP.3.2 Webserver 2.1. Reputationsverlust
Gelingt es bei einem Angriff mit administrativen Rechten auf einen Webserver zuzugreifen, kann darüber eine manipulierte Webseite ausgeliefert werden (Defacement). So kann die Reputation der Institution geschädigt werden. Ebenso kann die Veröffentlichung falscher Informationen, wie zum Beispiel fehlerhafter Produktbeschreibungen, dazu führen, dass die Reputation der Institution in der Öffentlichkeit leidet. Auch kann die Institution abgemahnt werden, wenn auf ihrer Webseite Inhalte veröffentlicht werden, die gegen gesetzliche Vorschriften verstoßen. Ein Schaden kann auch entstehen, wenn die Webseite nicht verfügbar ist und potenzielle Kunden und Kundinnen deshalb zu Mitbewerbern wechseln."
Wie kann ein Angriff auf einen Webserver zur Manipulation von Inhalten führen?,"Bei einem unbefugten Zugriff können Angreifer die Konfiguration des Webservers ändern, Schadsoftware verbreiten oder Webinhalte manipulieren. Dies kann zu einer Verfälschung von Informationen, zur Auslieferung von schädlichen Inhalten oder zur Beeinträchtigung der Integrität des Webangebots führen.","2.2. Manipulation des Webservers
Bei einem Angriff könnten sich unberechtigte Personen Zugriff auf einen Webserver verschaffen und dessen Dateien manipulieren. Es könnte beispielsweise die Konfiguration der Webserver-Software geändert werden, Schadsoftware verbreitet oder Webinhalte modifiziert werden."
Welche Auswirkungen haben Denial-of-Service (DoS)-Angriffe auf einen Webserver?,"DoS- und DDoS-Angriffe können die Verfügbarkeit eines Webangebots erheblich beeinträchtigen. Durch Überlastung kann der Webserver teilweise oder vollständig außer Betrieb gehen, wodurch Clients das Angebot nicht mehr nutzen können. Für geschäftskritische Angebote wie Online-Shops kann ein solcher Ausfall schnell zu erheblichen wirtschaftlichen Schäden führen.","APP.3.2 Webserver 2.3. Denial of Service (DoS)
Durch DoS-Angriffe lässt sich die Verfügbarkeit eines Webangebotes gezielt beeinträchtigen, indem beispielsweise einzelne Accounts durch fehlerhafte Anmeldungen gesperrt werden. Durch DDoS (Distributed Denial of Service)-Angriffe kann ein Webserver teilweise oder auch ganz ausfallen. Für Clients ist das Webangebot dann nur noch sehr langsam oder gar nicht mehr verfügbar. Für viele Institutionen kann ein solcher Ausfall schnell geschäftskritisch werden, z. B. für Online-Shops."
Wer trägt die Gesamtverantwortung für Informationssicherheit in der Organisastion?,"Die Institutionsleitung MUSS die Gesamtverantwortung für Informationssicherheit übernehmen. Sie muss den Sicherheitsprozess initiieren, steuern und kontrollieren sowie Informationssicherheit vorleben.","ISMS.1.A1 Übernahme der Gesamtverantwortung für Informationssicherheit  durch die Leitung (B) [Institutionsleitung]  
Die Institutionsleitung MUSS die Gesamtverantwortung für Informationssicherheit in der Institution  übernehmen. Dies MUSS für alle Beteiligten deutlich erkennbar sein. Die Institutionsleitung MUSS den Sicherheitsprozess initiieren, steuern und kontrollieren. Die Institutionsleitung MUSS Informationssicherheit vorleben. Die Institutionsleitung MUSS die Zuständigkeiten für Informationssicherheit festlegen. Die zuständigen Mitarbeitenden MÜSSEN mit den erforderlichen Kompetenzen und Ressourcen ausgestattet werden. Die Institutionsleitung MUSS sich regelmäßig über den Status der Informationssicherheit informieren lassen. Insbesondere MUSS sich die Institutionsleitung über mögliche Risiken und Konsequenzen aufgrund fehlender Sicherheitsmaßnahmen informieren lassen. "
Was muss eine Leitlinie zur Informationssicherheit enthalten?,"Die Leitlinie muss den Stellenwert der Informationssicherheit, die Sicherheitsziele, die wichtigsten Aspekte der Sicherheitsstrategie sowie die Organisationsstruktur für Informationssicherheit beschreiben. Außerdem muss ein klarer Geltungsbereich festgelegt und der Bezug zu den Geschäftszielen erläutert werden.","ISMS.1.A3 Erstellung einer Leitlinie zur Informationssicherheit (B) [Institutionsleitung]  
Die Institutionsleitung MUSS eine übergeordnete Leitlinie zur Informationssicherheit verabschieden. Diese MUSS den Stellenwert der Informationssicherheit, die Sicherheitsziele, die wichtigsten Aspekte der Sicherheitsstrategie sowie die Organisationsstruktur für nformationssicherheit beschreiben. Für die Sicherheitsleitlinie MUSS ein klarer Geltungsbereich festgelegt sein. In der Leitlinie zur Informationssicherheit MÜSSEN die Sicherheitsziele und der Bezug der Sicherheitsziele zu den Geschäftszielen und Aufgaben der Institution erläutert erden. Die Institutionsleitung MUSS die Leitlinie zur Informationssicherheit allen Mitarbeitenden und sonstigen Mitgliedern der Institution bekannt geben. Die Leitlinie zur Informationssicherheit SOLLTE regelmäßig aktualisiert werden. "
"Welche Gefahr besteht, wenn die Institutionsleitung den Sicherheitsprozess nicht ausreichend unterstützt?","Ohne uneingeschränkte Unterstützung durch die Institutionsleitung können Sicherheitsverantwortliche Schwierigkeiten haben, notwendige Maßnahmen einzufordern, insbesondere bei Personen, die in der Linienstruktur über ihnen stehen. Der Sicherheitsprozess ist dann nicht vollständig durchführbar.","ISMS.1 Gefährdungslage Kap.2.2
2.2. Mangelnde Unterstützung durch die Institutionsleitung 
Werden die Sicherheitsverantwortlichen nicht uneingeschränkt durch die Institutionsleitung  unterstützt, kann es schwierig werden, die notwendigen Maßnahmen einzufordern. Dies gilt insbesondere für Personen, die in der Linienstruktur über den Sicherheitsverantwortlichen stehen. In diesem Fall ist der Sicherheitsprozess nicht vollständig durchführbar."
Wie oft sollte das Sicherheitskonzept überprüft werden?,"Der Sicherheitsprozess, die Sicherheitskonzepte und die Organisationsstruktur sollten regelmäßig auf Wirksamkeit und Angemessenheit überprüft werden. Überprüfungen des Sicherheitsniveaus sollten mindestens jährlich sowie anlassbezogen durchgeführt werden.","ISMS.1.A11 Aufrechterhaltung der Informationssicherheit (S) 
Der Sicherheitsprozess, die Sicherheitskonzepte, die Leitlinie zur Informationssicherheit und die  Organisationsstruktur für Informationssicherheit SOLLTEN regelmäßig auf Wirksamkeit und  Angemessenheit überprüft und aktualisiert werden. Dazu SOLLTEN regelmäßig Vollständigkeits- bzw. Aktualisierungsprüfungen des Sicherheitskonzeptes durchgeführt werden. Ebenso SOLLTEN regelmäßig Sicherheitsrevisionen durchgeführt werden. Dazu SOLLTE geregelt sein, welche Bereiche und Sicherheitsmaßnahmen wann und von wem zu überprüfen sind. Überprüfungen des Sicherheitsniveaus SOLLTEN regelmäßig (mindestens jährlich) sowie anlassbezogen durchgeführt werden. Die Prüfungen SOLLTEN von qualifizierten und unabhängigen Personen durchgeführt werden. Die Ergebnisse der Überprüfungen SOLLTEN nachvollziehbar dokumentiert sein. Darauf aufbauend SOLLTEN Mängel beseitigt und Korrekturmaßnahmen ergriffen werden. "
Wie müssen Mitarbeitende in den Sicherheitsprozess integriert werden?,"Alle Mitarbeitenden müssen über Hintergründe und relevante Gefährdungen informiert sein. Sie müssen Sicherheitsmaßnahmen kennen und umsetzen, die ihren Arbeitsplatz betreffen. Sie sollten frühzeitig beteiligt werden, wenn Sicherheitsmaßnahmen zu planen sind, und müssen über Konsequenzen bei Verstößen aufgeklärt werden.","ISMS.1.A8 Integration der Mitarbeitenden in den Sicherheitsprozess (B) [Vorgesetzte]  
Alle Mitarbeitenden MÜSSEN in den Sicherheitsprozess integriert sein. Hierfür MÜSSEN sie über Hintergründe und die für sie relevanten Gefährdungen informiert sein. Sie MÜSSEN Sicherheitsmaßnahmen kennen und umsetzen, die ihren Arbeitsplatz betreffen. Alle Mitarbeitenden MÜSSEN in die Lage versetzt werden, Sicherheit aktiv mitzugestalten. Daher SOLLTEN die Mitarbeitenden frühzeitig beteiligt werden, wenn Sicherheitsmaßnahmen zu planen oder organisatorische Regelungen zu gestalten sind. Bei der Einführung von Sicherheitsrichtlinien und Sicherheitswerkzeugen MÜSSEN die Mitarbeitenden ausreichend informiert sein, wie diese anzuwenden sind. Die Mitarbeitenden MÜSSEN darüber aufgeklärt werden, welche Konsequenzen eine Verletzung der Sicherheitsvorgaben haben kann. "
Welche Vertretungsregelungen müssen im Sicherheitsmanagement existieren?,"Für alle wichtigen Informationssicherheitsfunktionen muss es wirksame Vertretungen geben. Die Kommunikationswege müssen geplant, dokumentiert, eingerichtet und allen bekannt sein. Es muss klar sein, wer welche Informationen erhält und wer bei welchen Maßnahmen informiert werden muss. Außerdem muss regelmäßig überprüft werden, ob die Organisationsstruktur der Informationssicherheit noch passend ist oder angepasst werden muss.","ISMS.1.A6 Aufbau einer geeigneten Organisationsstruktur für Informationssicherheit (B) [Institutionsleitung]  
Eine geeignete übergreifende Organisationsstruktur für Informationssicherheit MUSS vorhanden sein. Dafür MÜSSEN Rollen definiert sein, die konkrete Aufgaben übernehmen, um die Sicherheitsziele zu erreichen. Außerdem MÜSSEN qualifizierte Personen benannt werden, denen ausreichend Ressourcen zur Verfügung stehen, um diese Rollen zu übernehmen. Die Aufgaben, Rollen, Verantwortungen und Kompetenzen im Sicherheitsmanagement MÜSSEN nachvollziehbar definiert und zugewiesen sein. Für alle wichtigen Funktionen der Organisation für Informationssicherheit MUSS es wirksame Vertretungsregelungen geben. Kommunikationswege MÜSSEN geplant, beschrieben, eingerichtet und bekannt gemacht werden. Es MUSS für alle Aufgaben und Rollen festgelegt sein, wer wen informiert und wer bei welchen Aktionen 
in welchem Umfang informiert werden muss. Es MUSS regelmäßig geprüft werden, ob die Organisationsstruktur für Informationssicherheit noch angemessen ist oder ob sie an neue Rahmenbedingungen angepasst werden muss."
Was sollten Management-Berichte zur Informationssicherheit enthalten?,"Managementberichte zur Informationssicherheit sollten der Leitung der Organisation einen klaren Überblick über den Sicherheitsstatus geben. Sie sollten insbesondere Informationen zur aktuellen Gefährdungslage und zur Wirksamkeit sowie Effizienz der Sicherheitsmaßnahmen enthalten. Außerdem sollen sie Probleme, Erfolge und mögliche Verbesserungen im Sicherheitsprozess darstellen. Die Berichte sollten priorisierte Maßnahmenvorschläge enthalten, die mit realistischen Einschätzungen zum erwarteten Umsetzungsaufwand versehen sind. Managemententscheidungen über erforderliche Maßnahmen, den Umgang mit verbleibenden Risiken und Änderungen an sicherheitsrelevanten Prozessen sollten dokumentiert und revisionssicher archiviert werden.","ISMS.1.A12 Management-Berichte zur Informationssicherheit (S) [Institutionsleitung]  
Die Institutionsleitung SOLLTE sich regelmäßig über den Stand der Informationssicherheit informieren, insbesondere über die aktuelle Gefährdungslage sowie die Wirksamkeit und Effizienz des Sicherheitsprozesses. Dazu SOLLTEN Management-Berichte geschrieben werden, welche die wesentlichen relevanten Informationen über den Sicherheitsprozess enthalten, insbesondere über Probleme, Erfolge und Verbesserungsmöglichkeiten. Die Management-Berichte SOLLTEN klar priorisierte Maßnahmenvorschläge enthalten. Die Maßnahmenvorschläge SOLLTEN mit realistischen Abschätzungen zum erwarteten Umsetzungsaufwand versehen sein. Die Management-Berichte SOLLTEN revisionssicher archiviert werden. Die Management-Entscheidungen über erforderliche Aktionen, den Umgang mit Restrisiken und mit 
Veränderungen von sicherheitsrelevanten Prozessen SOLLTEN dokumentiert sein. Die Management-Entscheidungen SOLLTEN revisionssicher archiviert werden.

"
Welche Risiken entstehen durch fehlende Aktualisierung im Sicherheitsprozess?,"Neue Geschäftsprozesse, Anwendungen, IT-Systeme und Bedrohungen beeinflussen permanent den Status der Informationssicherheit. Ohne effektives Revisionskonzept verringert sich das Sicherheitsniveau, und aus realer Sicherheit wird schleichend eine gefährliche Scheinsicherheit.","ISMS.1 Gefährdungslage Kap 2.6
2.6. Fehlende Aktualisierung im Sicherheitsprozess Neue Geschäftsprozesse, Anwendungen und IT-Systeme sowie neue Bedrohungen beeinflussen permanent den Status der Informationssicherheit innerhalb einer Institution. Fehlt ein effektives Revisionskonzept, das auch das Bewusstsein für neue Bedrohungen stärkt, verringert sich das Sicherheitsniveau. Aus der realen Sicherheit wird dann schleichend eine gefährliche Scheinsicherheit. "
Muss es für Telearbeit formale Regelungen geben?,Alle relevanten Aspekte der Telearbeit müssen geregelt und den Telearbeitenden in Form von Regelungen oder einem Merkblatt ausgehändigt werden. Strittige Punkte müssen durch Betriebsvereinbarungen oder individuelle Vereinbarungen geklärt werden. Die Regelungen müssen regelmäßig aktualisiert werden.,"OPS.1.2.4.A1 Regelungen für Telearbeit (B) [Vorgesetzte, Personalabteilung] Alle relevanten Aspekte der Telearbeit MÜSSEN geregelt werden. Zu Informationszwecken MÜSSEN den Telearbeitenden die geltenden Regelungen oder ein dafür vorgesehenes Merkblatt ausgehändigt werden, das die zu beachtenden Sicherheitsmaßnahmen erläutert. Alle strittigen Punkte MÜSSEN entweder durch Betriebsvereinbarungen oder durch zusätzlich zum Arbeitsvertrag getroffene individuelle Vereinbarungen zwischen dem Mitarbeitenden und der Institution geregelt werden. Die Regelungen MÜSSEN regelmäßig aktualisiert werden."
Welche grundlegenden Sicherheitsanforderungen gelten für Telearbeitsrechner?,"Es müssen sicherheitstechnische Anforderungen festgelegt werden, die ein IT-System für die Telearbeit erfüllen muss. Es muss sichergestellt werden, dass nur autorisierte Personen Zugang zu den Telearbeitsrechnern haben. Darüber hinaus muss der Telearbeitsrechner so abgesichert werden, dass er nur für autorisierte Zwecke benutzt werden kann.","OPS.1.2.4.A2 Sicherheitstechnische Anforderungen an den Telearbeitsrechner (B) Es MÜSSEN sicherheitstechnische Anforderungen festgelegt werden, die ein IT-System für die Telearbeit erfüllen muss. Es MUSS sichergestellt werden, dass nur autorisierte Personen Zugang zu den Telearbeitsrechnern haben. Darüber hinaus MUSS der Telearbeitsrechner so abgesichert werden, dass er nur für autorisierte Zwecke benutzt werden kann."
Müssen Mitarbeitende speziell geschult werden?,"Anhand eines Leitfadens müssen die Mitarbeitenden für die Gefahren sensibilisiert werden, die mit der Telearbeit verbunden sind. Außerdem MÜSSEN sie in die entsprechenden Sicherheitsmaßnahmen der Institution eingewiesen und im Umgang mit diesen geschult werden. Die Schulungs- und Sensibilisierungsmaßnahmen für Mitarbeitenden SOLLTEN regelmäßig wiederholt werden.","OPS.1.2.4.A5 Sensibilisierung und Schulung der Mitarbeitenden (B) Anhand eines Leitfadens MÜSSEN die Mitarbeitenden für die Gefahren sensibilisiert werden, die mit der Telearbeit verbunden sind. Außerdem MÜSSEN sie in die entsprechenden Sicherheitsmaßnahmen der Institution eingewiesen und im Umgang mit diesen geschult werden. Die Schulungs- und Sensibilisierungsmaßnahmen für Mitarbeitenden SOLLTEN regelmäßig wiederholt werden."
Muss es ein eigenes Sicherheitskonzept für Telearbeit geben?,"Es SOLLTE ein Sicherheitskonzept für die Telearbeit erstellt werden, das Sicherheitsziele, Schutzbedarf, Sicherheitsanforderungen sowie Risiken beschreibt. Das Konzept SOLLTE regelmäßig aktualisiert und überarbeitet werden. Das Sicherheitskonzept zur Telearbeit SOLLTE auf das übergreifende Sicherheitskonzept der Institution abgestimmt werden.","OPS.1.2.4.A6 Erstellen eines Sicherheitskonzeptes für Telearbeit (S) Es SOLLTE ein Sicherheitskonzept für die Telearbeit erstellt werden, das Sicherheitsziele, Schutzbedarf, Sicherheitsanforderungen sowie Risiken beschreibt. Das Konzept SOLLTE regelmäßig aktualisiert und überarbeitet werden. Das Sicherheitskonzept zur Telearbeit SOLLTE auf das übergreifende Sicherheitskonzept der Institution abgestimmt werden."
Wie soll die Nutzung von Internet und Kommunikationsmitteln geregelt werden?,"Es SOLLTE klar geregelt werden, welche Kommunikationsmöglichkeiten bei der Telearbeit unter welchen Rahmenbedingungen genutzt werden dürfen. Die dienstliche und private Nutzung von Internetdiensten bei der Telearbeit SOLLTE geregelt werden. Dabei SOLLTE auch geklärt werden, ob eine private Nutzung generell erlaubt oder unterbunden wird.","OPS.1.2.4.A7 Regelung der Nutzung von Kommunikationsmöglichkeiten bei Telearbeit (S) [IT-Betrieb, Mitarbeitende] Es SOLLTE klar geregelt werden, welche Kommunikationsmöglichkeiten bei der Telearbeit unter welchen Rahmenbedingungen genutzt werden dürfen. Die dienstliche und private Nutzung von Internetdiensten bei der Telearbeit SOLLTE geregelt werden. Dabei SOLLTE auch geklärt werden, ob eine private Nutzung generell erlaubt oder unterbunden wird."
"Wie wird sichergestellt, dass Telearbeitende gut informiert bleiben?","Es sollte ein regelmäßiger innerbetrieblicher Informationsaustausch zwischen Mitarbeitenden und Institution gewährleistet sein. Alle Mitarbeitenden sollten zeitnah über geänderte Sicherheitsanforderungen und sicherheitsrelevante Aspekte informiert werden. Die Erreichbarkeit der Telearbeitenden sollte allen Kollegen bekannt sein. Technische und organisatorische Regelungen zur Aufgabenbewältigung, zu Sicherheitsvorfällen und sonstigen Problemen sollten festgelegt und kommuniziert werden.","OPS.1.2.4.A8 Informationsfluss zwischen Mitarbeitenden und Institution (S) [Vorgesetzte, Mitarbeitende] Ein regelmäßiger innerbetrieblicher Informationsaustausch zwischen den Mitarbeitenden und der Institution SOLLTE gewährleistet sein. Alle Mitarbeitenden SOLLTEN zeitnah über geänderte Sicherheitsanforderungen und andere sicherheitsrelevante Aspekte informiert werden. Allen Kollegen und Kolleginnen der jeweiligen Mitarbeitenden SOLLTE bekannt sein, wann und wo diese erreicht werden können. Technische und organisatorische Telearbeitsregelungen zur Aufgabenbewältigung, zu Sicherheitsvorfällen und sonstigen Problemen SOLLTEN geregelt und an die Mitarbeitenden kommuniziert werden."
Was muss zur Einrichtung eines Telearbeitsplatzes beachtet werden?,"Vor Einrichtung eines Telearbeitsplatzes sollte eine Anforderungsanalyse durchgeführt werden, aus der die benötigten Hard- und Software-Komponenten hervorgehen. Die Anforderungen sollten mit den IT-Verantwortlichen abgestimmt werden. Der Schutzbedarf der am Telearbeitsplatz verarbeiteten Informationen sollte festgestellt und dokumentiert werden.","OPS.1.2.4.A10 Durchführung einer Anforderungsanalyse für den Telearbeitsplatz (S) [IT-Betrieb] Bevor ein Telearbeitsplatz eingerichtet wird, SOLLTE eine Anforderungsanalyse durchgeführt werden. Daraus SOLLTE z. B. hervorgehen, welche Hard- und Software-Komponenten für den Telearbeitsplatz benötigt werden. Die Anforderungen an den jeweiligen Telearbeitsplatz SOLLTEN mit den ITVerantwortlichen abgestimmt werden. Es SOLLTE immer festgestellt und dokumentiert werden, welchen Schutzbedarf die am Telearbeitsplatz verarbeiteten Informationen haben."
Wie werden Wartung und Support für Telearbeitsplätze organisiert?,"Für Telearbeitsplätze SOLLTE ein spezielles Betreuungs- und Wartungskonzept erstellt werden. Darin SOLLTEN folgende Aspekte geregelt werden: Kontaktperson des IT-Betriebs, Wartungstermine, Fernwartung, Transport der IT-Geräte und Einführung von Standard-Telearbeitsrechnern. Damit die Mitarbeitenden einsatzfähig bleiben, SOLLTEN für sie Kontaktpersonen für Hard- und Softwareprobleme benannt werden","OPS.1.2.4.A9 Betreuungs- und Wartungskonzept für Telearbeitsplätze (S) [ITBetrieb, Mitarbeitende] Für Telearbeitsplätze SOLLTE ein spezielles Betreuungs- und Wartungskonzept erstellt werden. Darin SOLLTEN folgende Aspekte geregelt werden: Kontaktperson des IT-Betriebs, Wartungstermine, Fernwartung, Transport der IT-Geräte und Einführung von Standard-Telearbeitsrechnern. Damit die Mitarbeitenden einsatzfähig bleiben, SOLLTEN für sie Kontaktpersonen für Hard- und Softwareprobleme benannt werden."
"Wie wird sichergestellt, dass Telearbeit in das übergreifende Sicherheitskonzept integriert ist?",Das Sicherheitskonzept für Telearbeit sollte auf das übergreifende Sicherheitskonzept der Institution abgestimmt und regelmäßig aktualisiert werden.,"OPS.1.2.4.A6 Erstellen eines Sicherheitskonzeptes für Telearbeit (S) Es SOLLTE ein Sicherheitskonzept für die Telearbeit erstellt werden, das Sicherheitsziele, Schutzbedarf, Sicherheitsanforderungen sowie Risiken beschreibt. Das Konzept SOLLTE regelmäßig aktualisiert und überarbeitet werden. Das Sicherheitskonzept zur Telearbeit SOLLTE auf das übergreifende Sicherheitskonzept der Institution abgestimmt werden."
